session_id,timestamp,screen_x,screen_y
0a15c0c4,1739074942.09747,1147,270
0a15c0c4,1739074942.236512,499,628
0a15c0c4,1739074942.27331,499,628
0a15c0c4,1739074942.3472772,237,628
0a15c0c4,1739074942.393056,237,628
0a15c0c4,1739074942.425793,237,628
0a15c0c4,1739074942.459336,237,628
0a15c0c4,1739074942.493428,237,628
0a15c0c4,1739074942.540607,237,628
0a15c0c4,1739074942.592343,237,578
0a15c0c4,1739074942.627383,131,578
0a15c0c4,1739074942.6620219,131,578
0a15c0c4,1739074942.6995041,175,578
0a15c0c4,1739074942.7305942,175,578
0a15c0c4,1739074942.765536,131,578
0a15c0c4,1739074942.799244,117,578
0a15c0c4,1739074942.832847,117,578
0a15c0c4,1739074942.864373,117,578
0a15c0c4,1739074942.897053,117,578
0a15c0c4,1739074942.932222,117,578
0a15c0c4,1739074942.970735,117,578
0a15c0c4,1739074943.00004,117,578
0a15c0c4,1739074943.030879,117,578
0a15c0c4,1739074943.0640378,117,578
0a15c0c4,1739074943.095639,117,578
0a15c0c4,1739074943.127805,117,578
0a15c0c4,1739074943.160937,117,578
0a15c0c4,1739074943.194572,117,578
0a15c0c4,1739074943.231135,117,578
0a15c0c4,1739074943.277199,117,578
0a15c0c4,1739074943.333159,117,578
0a15c0c4,1739074943.385334,117,578
0a15c0c4,1739074943.434013,117,578
0a15c0c4,1739074943.466197,117,578
0a15c0c4,1739074943.499451,117,578
0a15c0c4,1739074943.5418282,117,578
0a15c0c4,1739074943.5665169,117,578
0a15c0c4,1739074943.5994089,117,578
0a15c0c4,1739074943.6322281,117,578
0a15c0c4,1739074943.6664839,117,578
0a15c0c4,1739074943.701455,117,578
0a15c0c4,1739074943.733242,117,578
0a15c0c4,1739074943.7701209,117,578
0a15c0c4,1739074943.797473,117,578
0a15c0c4,1739074943.830611,117,578
0a15c0c4,1739074943.866163,117,578
0a15c0c4,1739074943.9010508,117,578
0a15c0c4,1739074943.933563,117,578
0a15c0c4,1739074943.967621,117,578
0a15c0c4,1739074944.005263,117,578
0a15c0c4,1739074944.034807,117,578
0a15c0c4,1739074944.067279,117,578
0a15c0c4,1739074944.098537,175,578
0a15c0c4,1739074944.1377861,117,578
0a15c0c4,1739074944.166137,175,578
0a15c0c4,1739074944.200753,117,578
0a15c0c4,1739074944.23664,175,477
0a15c0c4,1739074944.268828,117,477
0a15c0c4,1739074944.301187,117,477
0a15c0c4,1739074944.3348129,10,475
0a15c0c4,1739074944.368971,10,388
0a15c0c4,1739074944.418416,27,388
0a15c0c4,1739074944.4647958,31,142
0a15c0c4,1739074944.496157,31,142
0a15c0c4,1739074944.530145,27,142
0a15c0c4,1739074944.573602,31,138
0a15c0c4,1739074944.596319,26,173
0a15c0c4,1739074944.631393,26,173
0a15c0c4,1739074944.661549,26,50
0a15c0c4,1739074944.701168,26,50
0a15c0c4,1739074944.730847,87,50
0a15c0c4,1739074944.766614,87,50
0a15c0c4,1739074944.813322,87,59
0a15c0c4,1739074944.867896,87,50
0a15c0c4,1739074944.9002838,87,59
0a15c0c4,1739074944.933584,87,59
0a15c0c4,1739074944.966544,87,50
0a15c0c4,1739074944.999267,87,50
0a15c0c4,1739074945.03324,87,50
0a15c0c4,1739074945.067271,87,50
0a15c0c4,1739074945.1000278,145,50
0a15c0c4,1739074945.134393,87,163
0a15c0c4,1739074945.170594,87,163
0a15c0c4,1739074945.20146,87,163
0a15c0c4,1739074945.234411,26,163
0a15c0c4,1739074945.270771,26,50
0a15c0c4,1739074945.301942,26,50
0a15c0c4,1739074945.333579,26,50
0a15c0c4,1739074945.368186,83,90
0a15c0c4,1739074945.407858,26,59
0a15c0c4,1739074945.4625778,26,59
0a15c0c4,1739074945.505373,26,163
0a15c0c4,1739074945.5349178,26,173
0a15c0c4,1739074945.5900102,26,59
0a15c0c4,1739074945.634857,26,50
0a15c0c4,1739074945.664737,5,59
0a15c0c4,1739074945.7042592,5,59
0a15c0c4,1739074945.7338681,5,47
0a15c0c4,1739074945.770072,5,47
0a15c0c4,1739074945.800241,5,50
0a15c0c4,1739074945.837259,5,59
0a15c0c4,1739074945.8661408,5,47
0a15c0c4,1739074945.9062452,5,56
0a15c0c4,1739074945.935911,5,173
0a15c0c4,1739074945.971076,10,138
0a15c0c4,1739074946.007413,27,138
0a15c0c4,1739074946.03647,21,173
0a15c0c4,1739074946.0679948,21,173
0a15c0c4,1739074946.1039062,21,173
0a15c0c4,1739074946.134697,5,160
0a15c0c4,1739074946.171079,5,47
0a15c0c4,1739074946.200583,5,163
0a15c0c4,1739074946.23588,5,170
0a15c0c4,1739074946.268021,5,170
0a15c0c4,1739074946.303537,5,170
0a15c0c4,1739074946.3368661,244,135
0a15c0c4,1739074946.368028,5,170
0a15c0c4,1739074946.404136,244,135
0a15c0c4,1739074946.480511,5,170
0a15c0c4,1739074946.507095,244,135
0a15c0c4,1739074946.537152,210,170
0a15c0c4,1739074946.566607,5,160
0a15c0c4,1739074946.599912,5,47
0a15c0c4,1739074946.654088,5,47
0a15c0c4,1739074946.703865,5,56
0a15c0c4,1739074946.734565,5,56
0a15c0c4,1739074946.769644,5,56
0a15c0c4,1739074946.802428,5,47
0a15c0c4,1739074946.8334231,5,56
0a15c0c4,1739074946.870222,5,47
0a15c0c4,1739074946.900649,5,47
0a15c0c4,1739074946.934071,5,47
0a15c0c4,1739074946.969295,5,160
0a15c0c4,1739074947.001389,5,160
0a15c0c4,1739074947.035721,5,47
0a15c0c4,1739074947.064439,5,47
0a15c0c4,1739074947.099561,5,160
0a15c0c4,1739074947.1323478,210,160
0a15c0c4,1739074947.169473,210,160
0a15c0c4,1739074947.198566,5,50
0a15c0c4,1739074947.23178,5,50
0a15c0c4,1739074947.264558,226,163
0a15c0c4,1739074947.2991118,226,50
0a15c0c4,1739074947.332248,226,50
0a15c0c4,1739074947.365994,231,50
0a15c0c4,1739074947.403522,231,50
0a15c0c4,1739074947.4358442,231,50
0a15c0c4,1739074947.499348,231,50
0a15c0c4,1739074947.5329332,292,50
0a15c0c4,1739074947.566205,292,173
0a15c0c4,1739074947.604063,292,173
0a15c0c4,1739074947.636469,292,173
0a15c0c4,1739074947.6903439,292,168
0a15c0c4,1739074947.732863,292,178
0a15c0c4,1739074947.764734,292,178
0a15c0c4,1739074947.803317,292,178
0a15c0c4,1739074947.836204,292,178
0a15c0c4,1739074947.869514,292,178
0a15c0c4,1739074947.907867,292,178
0a15c0c4,1739074947.939807,292,178
0a15c0c4,1739074947.970212,292,178
0a15c0c4,1739074948.0029,292,178
0a15c0c4,1739074948.0353742,292,178
0a15c0c4,1739074948.069773,292,178
0a15c0c4,1739074948.103585,326,142
0a15c0c4,1739074948.1351092,343,142
0a15c0c4,1739074948.1754901,343,142
0a15c0c4,1739074948.2149792,292,178
0a15c0c4,1739074948.2424462,292,178
0a15c0c4,1739074948.272181,231,168
0a15c0c4,1739074948.307231,26,178
0a15c0c4,1739074948.3387809,26,168
0a15c0c4,1739074948.371847,231,178
0a15c0c4,1739074948.4058182,26,168
0a15c0c4,1739074948.4389608,26,168
0a15c0c4,1739074948.468456,26,168
0a15c0c4,1739074948.537693,26,168
0a15c0c4,1739074948.570922,26,178
0a15c0c4,1739074948.6068459,26,178
0a15c0c4,1739074948.635336,26,168
0a15c0c4,1739074948.66848,26,178
0a15c0c4,1739074948.737843,21,178
0a15c0c4,1739074948.767895,31,142
0a15c0c4,1739074948.80662,27,142
0a15c0c4,1739074948.8378859,27,142
0a15c0c4,1739074948.8718028,27,142
0a15c0c4,1739074948.904487,21,173
0a15c0c4,1739074948.9402099,21,173
0a15c0c4,1739074948.970809,21,163
0a15c0c4,1739074949.005882,21,163
0a15c0c4,1739074949.038241,21,163
0a15c0c4,1739074949.0740612,21,163
0a15c0c4,1739074949.1068978,21,163
0a15c0c4,1739074949.139885,21,163
0a15c0c4,1739074949.169732,21,173
0a15c0c4,1739074949.206311,21,173
0a15c0c4,1739074949.239729,21,178
0a15c0c4,1739074949.2717829,21,178
0a15c0c4,1739074949.302609,21,178
0a15c0c4,1739074949.3391948,21,178
0a15c0c4,1739074949.368804,27,142
0a15c0c4,1739074949.406174,31,142
0a15c0c4,1739074949.4424582,31,142
0a15c0c4,1739074949.4719849,26,178
0a15c0c4,1739074949.5059469,31,142
0a15c0c4,1739074949.5675719,31,142
0a15c0c4,1739074949.6047082,31,142
0a15c0c4,1739074949.6391602,31,142
0a15c0c4,1739074949.6712651,31,142
0a15c0c4,1739074949.7054741,31,142
0a15c0c4,1739074949.776034,31,142
0a15c0c4,1739074949.806603,31,142
0a15c0c4,1739074949.8399749,31,142
0a15c0c4,1739074949.871722,31,142
0a15c0c4,1739074949.903868,31,142
0a15c0c4,1739074949.938503,31,142
0a15c0c4,1739074949.9735942,31,142
0a15c0c4,1739074950.0087092,31,142
0a15c0c4,1739074950.0384939,31,142
0a15c0c4,1739074950.071685,31,142
0a15c0c4,1739074950.104954,31,142
0a15c0c4,1739074950.143292,31,142
0a15c0c4,1739074950.172471,27,142
0a15c0c4,1739074950.207734,27,142
0a15c0c4,1739074950.241131,27,142
0a15c0c4,1739074950.272726,27,142
0a15c0c4,1739074950.303201,27,142
0a15c0c4,1739074950.3393269,27,142
0a15c0c4,1739074950.3724349,27,142
0a15c0c4,1739074950.406243,27,142
0a15c0c4,1739074950.4396539,27,142
0a15c0c4,1739074950.473919,27,142
0a15c0c4,1739074950.5063128,27,142
0a15c0c4,1739074950.540498,27,142
0a15c0c4,1739074950.6069288,27,142
0a15c0c4,1739074950.6428192,31,388
0a15c0c4,1739074950.6730618,31,142
0a15c0c4,1739074950.7083158,31,142
0a15c0c4,1739074950.739996,31,388
0a15c0c4,1739074950.770477,31,388
0a15c0c4,1739074950.81462,282,388
0a15c0c4,1739074950.841634,282,478
0a15c0c4,1739074950.872971,282,480
0a15c0c4,1739074950.9039,449,480
0a15c0c4,1739074950.936814,449,480
0a15c0c4,1739074950.9738429,449,480
0a15c0c4,1739074951.006308,449,480
0a15c0c4,1739074951.0401978,449,480
0a15c0c4,1739074951.0742788,449,480
0a15c0c4,1739074951.1086679,797,480
0a15c0c4,1739074951.140337,797,578
0a15c0c4,1739074951.18145,797,578
0a15c0c4,1739074951.2068381,797,578
0a15c0c4,1739074951.240438,809,578
0a15c0c4,1739074951.272671,912,578
0a15c0c4,1739074951.307817,867,578
0a15c0c4,1739074951.3336399,867,578
0a15c0c4,1739074951.364535,867,578
0a15c0c4,1739074951.397349,867,578
0a15c0c4,1739074951.4314911,867,578
0a15c0c4,1739074951.464143,867,578
0a15c0c4,1739074951.5003588,867,578
0a15c0c4,1739074951.5303612,867,578
0a15c0c4,1739074951.562222,867,578
0a15c0c4,1739074951.641551,867,628
0a15c0c4,1739074951.6645188,867,628
0a15c0c4,1739074951.6989498,867,628
0a15c0c4,1739074951.728868,867,628
0a15c0c4,1739074951.763958,520,628
0a15c0c4,1739074951.795719,520,628
0a15c0c4,1739074951.837533,414,578
0a15c0c4,1739074951.863492,414,628
0a15c0c4,1739074951.8999949,414,628
0a15c0c4,1739074951.929796,152,628
0a15c0c4,1739074951.962704,152,628
0a15c0c4,1739074951.9998138,152,628
0a15c0c4,1739074952.03223,152,628
0a15c0c4,1739074952.062612,148,628
0a15c0c4,1739074952.097665,134,578
0a15c0c4,1739074952.130622,117,578
0a15c0c4,1739074952.167732,117,578
0a15c0c4,1739074952.202513,138,578
0a15c0c4,1739074952.2337122,134,578
0a15c0c4,1739074952.2697222,134,578
0a15c0c4,1739074952.301261,134,578
0a15c0c4,1739074952.33571,138,578
0a15c0c4,1739074952.366004,134,578
0a15c0c4,1739074952.403599,138,578
0a15c0c4,1739074952.434996,138,578
0a15c0c4,1739074952.469398,138,578
0a15c0c4,1739074952.501728,138,578
0a15c0c4,1739074952.538891,138,578
0a15c0c4,1739074952.5702322,138,578
0a15c0c4,1739074952.601024,138,480
0a15c0c4,1739074952.668523,138,480
0a15c0c4,1739074952.7002292,31,478
0a15c0c4,1739074952.74235,31,388
0a15c0c4,1739074952.770179,31,478
0a15c0c4,1739074952.842619,31,388
0a15c0c4,1739074952.8689458,31,388
0a15c0c4,1739074952.8996181,31,388
0a15c0c4,1739074952.9444969,31,388
0a15c0c4,1739074952.9702458,31,388
0a15c0c4,1739074953.0094552,31,388
0a15c0c4,1739074953.0370822,31,388
0a15c0c4,1739074953.077575,31,388
0a15c0c4,1739074953.103852,282,142
0a15c0c4,1739074953.144894,282,142
0a15c0c4,1739074953.172218,282,142
0a15c0c4,1739074953.208477,282,138
0a15c0c4,1739074953.23399,282,138
0a15c0c4,1739074953.27565,282,138
0a15c0c4,1739074953.301745,282,138
0a15c0c4,1739074953.339299,282,138
0a15c0c4,1739074953.367599,282,138
0a15c0c4,1739074953.4097831,282,138
0a15c0c4,1739074953.441091,282,138
0a15c0c4,1739074953.477699,282,138
0a15c0c4,1739074953.504398,282,138
0a15c0c4,1739074953.547617,282,138
0a15c0c4,1739074953.570726,282,138
0a15c0c4,1739074953.611181,282,138
0a15c0c4,1739074953.636843,282,138
0a15c0c4,1739074953.696479,282,138
0a15c0c4,1739074953.742475,282,138
0a15c0c4,1739074953.7731469,282,138
0a15c0c4,1739074953.8123431,282,138
0a15c0c4,1739074953.836871,282,138
0a15c0c4,1739074953.888851,282,138
0a15c0c4,1739074953.9443572,282,384
0a15c0c4,1739074953.9712472,282,388
0a15c0c4,1739074954.012285,282,388
0a15c0c4,1739074954.036868,282,480
0a15c0c4,1739074954.077919,282,480
0a15c0c4,1739074954.106986,282,480
0a15c0c4,1739074954.146268,282,480
0a15c0c4,1739074954.1700149,340,480
0a15c0c4,1739074954.213037,282,480
0a15c0c4,1739074954.23861,388,480
0a15c0c4,1739074954.27752,388,480
0a15c0c4,1739074954.314742,388,480
0a15c0c4,1739074954.344088,388,578
0a15c0c4,1739074954.36945,388,578
0a15c0c4,1739074954.40799,447,578
0a15c0c4,1739074954.4339929,447,628
0a15c0c4,1739074954.473622,388,578
0a15c0c4,1739074954.501548,388,578
0a15c0c4,1739074954.539928,388,578
0a15c0c4,1739074954.567517,388,578
0a15c0c4,1739074954.601305,388,578
0a15c0c4,1739074954.637255,388,578
0a15c0c4,1739074954.706423,388,578
0a15c0c4,1739074954.738017,388,628
0a15c0c4,1739074954.770062,447,628
0a15c0c4,1739074954.7998989,196,628
0a15c0c4,1739074954.8333042,138,628
0a15c0c4,1739074954.867433,138,628
0a15c0c4,1739074954.918407,192,628
0a15c0c4,1739074954.9682739,192,578
0a15c0c4,1739074955.002675,134,578
0a15c0c4,1739074955.0390441,134,578
0a15c0c4,1739074955.0670998,192,578
0a15c0c4,1739074955.100868,192,578
0a15c0c4,1739074955.134676,134,578
0a15c0c4,1739074955.166899,134,578
0a15c0c4,1739074955.20434,134,578
0a15c0c4,1739074955.234635,134,578
0a15c0c4,1739074955.266892,134,578
0a15c0c4,1739074955.303456,134,578
0a15c0c4,1739074955.335926,134,578
0a15c0c4,1739074955.3681998,134,578
0a15c0c4,1739074955.402074,134,578
0a15c0c4,1739074955.436526,134,578
0a15c0c4,1739074955.466441,134,578
0a15c0c4,1739074955.5015712,134,578
0a15c0c4,1739074955.537259,117,578
0a15c0c4,1739074955.567359,134,578
0a15c0c4,1739074955.599361,134,578
0a15c0c4,1739074955.633662,134,578
0a15c0c4,1739074955.66682,134,578
0a15c0c4,1739074955.731641,134,578
0a15c0c4,1739074955.77142,134,578
0a15c0c4,1739074955.8022609,134,578
0a15c0c4,1739074955.834882,138,578
0a15c0c4,1739074955.868945,138,578
0a15c0c4,1739074955.93909,138,578
0a15c0c4,1739074955.967089,138,578
0a15c0c4,1739074956.003668,138,578
0a15c0c4,1739074956.036664,138,578
0a15c0c4,1739074956.0697632,138,578
0a15c0c4,1739074956.106487,138,578
0a15c0c4,1739074956.137198,138,578
0a15c0c4,1739074956.173033,388,480
0a15c0c4,1739074956.2052422,388,480
0a15c0c4,1739074956.2364202,282,480
0a15c0c4,1739074956.2712362,282,388
0a15c0c4,1739074956.310187,282,388
0a15c0c4,1739074956.3351092,282,388
0a15c0c4,1739074956.368853,282,388
0a15c0c4,1739074956.402723,282,142
0a15c0c4,1739074956.437821,282,142
0a15c0c4,1739074956.4689689,282,138
0a15c0c4,1739074956.503953,282,138
0a15c0c4,1739074956.538518,282,138
0a15c0c4,1739074956.570668,282,138
0a15c0c4,1739074956.612458,282,138
0a15c0c4,1739074956.6407008,282,138
0a15c0c4,1739074956.682303,282,138
0a15c0c4,1739074956.707434,282,138
0a15c0c4,1739074956.758402,282,138
0a15c0c4,1739074956.81284,282,138
0a15c0c4,1739074956.840629,282,138
0a15c0c4,1739074956.87224,282,138
0a15c0c4,1739074956.90391,282,138
0a15c0c4,1739074956.9744442,265,138
0a15c0c4,1739074957.0183601,231,173
0a15c0c4,1739074957.0463302,231,173
0a15c0c4,1739074957.0830631,231,173
0a15c0c4,1739074957.141684,231,163
0a15c0c4,1739074957.167351,231,163
0a15c0c4,1739074957.208323,231,173
0a15c0c4,1739074957.234447,231,163
0a15c0c4,1739074957.278344,231,163
0a15c0c4,1739074957.305849,231,173
0a15c0c4,1739074957.3451,231,173
0a15c0c4,1739074957.3747609,26,173
0a15c0c4,1739074957.4146821,26,173
0a15c0c4,1739074957.446222,26,173
0a15c0c4,1739074957.482305,26,173
0a15c0c4,1739074957.50842,26,163
0a15c0c4,1739074957.547887,26,163
0a15c0c4,1739074957.5753942,26,163
0a15c0c4,1739074957.6172721,26,173
0a15c0c4,1739074957.642851,26,173
0a15c0c4,1739074957.680902,31,138
0a15c0c4,1739074957.709106,31,138
0a15c0c4,1739074957.785849,31,138
0a15c0c4,1739074957.8113,31,138
0a15c0c4,1739074957.838442,31,138
0a15c0c4,1739074957.8764422,31,138
0a15c0c4,1739074957.91092,31,384
0a15c0c4,1739074957.944355,31,388
0a15c0c4,1739074957.992924,31,388
0a15c0c4,1739074958.037199,31,388
0a15c0c4,1739074958.079135,31,388
0a15c0c4,1739074958.108214,31,478
0a15c0c4,1739074958.1443598,31,480
0a15c0c4,1739074958.177758,138,480
0a15c0c4,1739074958.2196229,384,480
0a15c0c4,1739074958.285496,388,480
0a15c0c4,1739074958.3555121,388,578
0a15c0c4,1739074958.4152918,388,578
0a15c0c4,1739074958.441452,388,578
0a15c0c4,1739074958.482965,388,578
0a15c0c4,1739074958.5092428,388,578
0a15c0c4,1739074958.537337,388,578
0a15c0c4,1739074958.57196,388,578
0a15c0c4,1739074958.605345,388,578
0a15c0c4,1739074958.642011,138,578
0a15c0c4,1739074958.669863,138,578
0a15c0c4,1739074958.703037,388,578
0a15c0c4,1739074958.736902,388,578
0a15c0c4,1739074958.812769,388,578
0a15c0c4,1739074958.8427541,138,578
0a15c0c4,1739074958.87725,138,578
0a15c0c4,1739074958.912004,138,578
0a15c0c4,1739074958.9415529,138,578
0a15c0c4,1739074958.9743931,138,578
0a15c0c4,1739074959.029067,138,578
0a15c0c4,1739074959.0726368,138,578
0a15c0c4,1739074959.106445,138,578
0a15c0c4,1739074959.135906,138,578
0a15c0c4,1739074959.1729002,138,578
0a15c0c4,1739074959.205614,138,578
0a15c0c4,1739074959.2407181,138,578
0a15c0c4,1739074959.2728791,138,578
0a15c0c4,1739074959.30578,138,578
0a15c0c4,1739074959.337458,134,578
0a15c0c4,1739074959.371336,117,578
0a15c0c4,1739074959.407851,117,578
0a15c0c4,1739074959.438254,117,578
0a15c0c4,1739074959.4728599,117,578
0a15c0c4,1739074959.506353,117,480
0a15c0c4,1739074959.538858,117,480
0a15c0c4,1739074959.591915,134,459
0a15c0c4,1739074959.631513,27,459
0a15c0c4,1739074959.659141,31,384
0a15c0c4,1739074959.697485,92,384
0a15c0c4,1739074959.726177,92,384
0a15c0c4,1739074959.764929,92,384
0a15c0c4,1739074959.7907321,92,138
0a15c0c4,1739074959.857022,92,138
0a15c0c4,1739074959.898154,92,138
0a15c0c4,1739074959.928898,343,138
0a15c0c4,1739074959.968172,92,138
0a15c0c4,1739074959.995588,343,138
0a15c0c4,1739074960.052335,92,138
0a15c0c4,1739074960.0977,92,165
0a15c0c4,1739074960.126753,151,165
0a15c0c4,1739074960.165681,153,215
0a15c0c4,1739074960.195382,148,250
0a15c0c4,1739074960.2373152,148,250
0a15c0c4,1739074960.261251,148,250
0a15c0c4,1739074960.300095,148,200
0a15c0c4,1739074960.326407,192,190
0a15c0c4,1739074960.3656929,148,200
0a15c0c4,1739074960.392277,294,77
0a15c0c4,1739074960.4313989,294,77
0a15c0c4,1739074960.4594078,294,77
0a15c0c4,1739074960.4931798,294,77
0a15c0c4,1739074960.524503,294,77
0a15c0c4,1739074960.557066,294,77
0a15c0c4,1739074960.59064,294,77
0a15c0c4,1739074960.625602,294,77
0a15c0c4,1739074960.659435,294,190
0a15c0c4,1739074960.6908019,294,200
0a15c0c4,1739074960.7254279,328,165
0a15c0c4,1739074960.756329,345,165
0a15c0c4,1739074960.7903638,345,165
0a15c0c4,1739074960.8268049,345,165
0a15c0c4,1739074960.8948429,448,411
0a15c0c4,1739074960.9257731,345,486
0a15c0c4,1739074960.956427,452,486
0a15c0c4,1739074960.993379,452,486
0a15c0c4,1739074961.023663,554,486
0a15c0c4,1739074961.0712209,554,486
0a15c0c4,1739074961.128695,554,584
0a15c0c4,1739074961.157519,452,584
0a15c0c4,1739074961.192907,452,584
0a15c0c4,1739074961.2246232,554,605
0a15c0c4,1739074961.257956,554,605
0a15c0c4,1739074961.2938821,510,605
0a15c0c4,1739074961.323937,510,605
0a15c0c4,1739074961.3563101,510,605
0a15c0c4,1739074961.389684,554,605
0a15c0c4,1739074961.423336,554,605
0a15c0c4,1739074961.461705,510,507
0a15c0c4,1739074961.493592,510,507
0a15c0c4,1739074961.530349,510,605
0a15c0c4,1739074961.557284,550,605
0a15c0c4,1739074961.5890539,506,655
0a15c0c4,1739074961.627321,506,605
0a15c0c4,1739074961.662246,489,605
0a15c0c4,1739074961.691981,489,605
0a15c0c4,1739074961.7254348,487,605
0a15c0c4,1739074961.759574,487,605
0a15c0c4,1739074961.79096,487,605
0a15c0c4,1739074961.825734,487,605
0a15c0c4,1739074961.861262,487,605
0a15c0c4,1739074961.9313579,487,605
0a15c0c4,1739074961.958961,531,578
0a15c0c4,1739074961.991817,428,578
0a15c0c4,1739074962.025048,428,578
0a15c0c4,1739074962.0632708,428,578
0a15c0c4,1739074962.09235,428,578
0a15c0c4,1739074962.125793,428,578
0a15c0c4,1739074962.157543,428,578
0a15c0c4,1739074962.192097,428,578
0a15c0c4,1739074962.225735,428,578
0a15c0c4,1739074962.263773,367,578
0a15c0c4,1739074962.301313,367,578
0a15c0c4,1739074962.330966,367,578
0a15c0c4,1739074962.36438,367,578
0a15c0c4,1739074962.394398,117,578
0a15c0c4,1739074962.423585,117,578
0a15c0c4,1739074962.4674718,117,578
0a15c0c4,1739074962.493309,117,578
0a15c0c4,1739074962.534627,117,578
0a15c0c4,1739074962.568425,117,578
0a15c0c4,1739074962.605264,117,578
0a15c0c4,1739074962.6611269,117,578
0a15c0c4,1739074962.6960871,117,578
0a15c0c4,1739074962.726721,117,578
0a15c0c4,1739074962.761127,117,578
0a15c0c4,1739074962.79602,117,578
0a15c0c4,1739074962.828505,117,578
0a15c0c4,1739074962.8603399,117,578
0a15c0c4,1739074962.894052,175,578
0a15c0c4,1739074962.9585989,117,578
0a15c0c4,1739074962.993402,117,578
0a15c0c4,1739074963.026158,175,477
0a15c0c4,1739074963.067049,10,475
0a15c0c4,1739074963.105174,10,139
0a15c0c4,1739074963.134892,10,135
0a15c0c4,1739074963.15937,10,135
0a15c0c4,1739074963.200151,10,135
0a15c0c4,1739074963.227469,10,135
0a15c0c4,1739074963.263468,10,135
0a15c0c4,1739074963.292186,10,135
0a15c0c4,1739074963.3347,10,135
0a15c0c4,1739074963.3615448,5,173
0a15c0c4,1739074963.392502,5,173
0a15c0c4,1739074963.4285219,5,173
0a15c0c4,1739074963.466335,5,173
0a15c0c4,1739074963.492565,5,173
0a15c0c4,1739074963.526346,5,173
0a15c0c4,1739074963.5599701,10,138
0a15c0c4,1739074963.599371,10,138
0a15c0c4,1739074963.626244,10,138
0a15c0c4,1739074963.667243,5,50
0a15c0c4,1739074963.694669,5,59
0a15c0c4,1739074963.726038,5,59
0a15c0c4,1739074963.758902,66,50
0a15c0c4,1739074963.8011332,66,59
0a15c0c4,1739074963.827154,371,59
0a15c0c4,1739074963.8619351,371,59
0a15c0c4,1739074963.896162,371,59
0a15c0c4,1739074963.941889,371,59
0a15c0c4,1739074963.982644,375,59
0a15c0c4,1739074964.03167,292,59
0a15c0c4,1739074964.0615838,297,72
0a15c0c4,1739074964.11261,380,72
0a15c0c4,1739074964.160643,375,86
0a15c0c4,1739074964.202262,375,86
0a15c0c4,1739074964.226975,375,86
0a15c0c4,1739074964.2697222,292,86
0a15c0c4,1739074964.2944388,292,86
0a15c0c4,1739074964.3359208,292,86
0a15c0c4,1739074964.371746,292,50
0a15c0c4,1739074964.428156,292,173
0a15c0c4,1739074964.46125,292,163
0a15c0c4,1739074964.494765,87,173
0a15c0c4,1739074964.526739,87,163
0a15c0c4,1739074964.560106,92,138
0a15c0c4,1739074964.593208,87,173
0a15c0c4,1739074964.6314769,87,173
0a15c0c4,1739074964.660734,88,138
0a15c0c4,1739074964.697748,88,138
0a15c0c4,1739074964.727623,88,138
0a15c0c4,1739074964.762549,88,142
0a15c0c4,1739074964.793222,88,142
0a15c0c4,1739074964.828096,88,388
0a15c0c4,1739074964.860704,88,388
0a15c0c4,1739074964.894311,88,388
0a15c0c4,1739074964.927988,10,480
0a15c0c4,1739074964.9638531,69,480
0a15c0c4,1739074965.0026429,131,480
0a15c0c4,1739074965.027473,10,388
0a15c0c4,1739074965.061022,10,388
0a15c0c4,1739074965.094906,10,438
0a15c0c4,1739074965.15858,10,388
0a15c0c4,1739074965.20178,117,480
0a15c0c4,1739074965.2290869,117,480
0a15c0c4,1739074965.2603,117,578
0a15c0c4,1739074965.2951949,117,578
0a15c0c4,1739074965.329437,117,578
0a15c0c4,1739074965.3665211,117,578
0a15c0c4,1739074965.3929348,178,578
0a15c0c4,1739074965.425525,178,578
0a15c0c4,1739074965.463095,178,578
0a15c0c4,1739074965.493716,499,578
0a15c0c4,1739074965.531017,499,628
0a15c0c4,1739074965.559962,440,578
0a15c0c4,1739074965.594869,440,578
0a15c0c4,1739074965.627928,891,628
0a15c0c4,1739074965.6614149,891,628
0a15c0c4,1739074965.695373,846,628
0a15c0c4,1739074965.7288802,846,628
0a15c0c4,1739074965.763607,846,628
0a15c0c4,1739074965.797351,920,628
0a15c0c4,1739074965.826206,937,619
0a15c0c4,1739074965.861643,937,619
0a15c0c4,1739074965.895333,937,619
0a15c0c4,1739074965.9303858,937,619
0a15c0c4,1739074965.9629052,937,619
0a15c0c4,1739074966.039701,937,619
0a15c0c4,1739074966.066261,937,619
0a15c0c4,1739074966.093185,937,619
0a15c0c4,1739074966.1278021,920,664
0a15c0c4,1739074966.193158,846,664
0a15c0c4,1739074966.227392,920,628
0a15c0c4,1739074966.2776132,920,583
0a15c0c4,1739074966.3301592,572,628
0a15c0c4,1739074966.367088,467,583
0a15c0c4,1739074966.3954859,467,583
0a15c0c4,1739074966.4309251,205,628
0a15c0c4,1739074966.464534,131,628
0a15c0c4,1739074966.498622,131,628
0a15c0c4,1739074966.5308108,117,578
0a15c0c4,1739074966.563474,117,628
0a15c0c4,1739074966.5970402,131,628
0a15c0c4,1739074966.634022,131,628
0a15c0c4,1739074966.6645892,131,628
0a15c0c4,1739074966.693829,131,628
0a15c0c4,1739074966.730434,131,527
0a15c0c4,1739074966.764674,131,527
0a15c0c4,1739074966.7962701,131,527
0a15c0c4,1739074966.8347719,131,527
0a15c0c4,1739074966.862616,25,525
0a15c0c4,1739074966.901023,25,436
0a15c0c4,1739074966.928019,10,525
0a15c0c4,1739074966.9656162,10,475
0a15c0c4,1739074966.995439,10,475
0a15c0c4,1739074967.0713742,10,385
0a15c0c4,1739074967.096071,69,385
0a15c0c4,1739074967.1341739,69,139
0a15c0c4,1739074967.161035,10,139
0a15c0c4,1739074967.215283,69,139
0a15c0c4,1739074967.263166,10,139
0a15c0c4,1739074967.297455,69,139
0a15c0c4,1739074967.327026,25,139
0a15c0c4,1739074967.362692,69,139
0a15c0c4,1739074967.392145,69,139
0a15c0c4,1739074967.4247522,69,139
0a15c0c4,1739074967.4693902,69,139
0a15c0c4,1739074967.495262,69,139
0a15c0c4,1739074967.535122,10,139
0a15c0c4,1739074967.562451,10,139
0a15c0c4,1739074967.601172,10,139
0a15c0c4,1739074967.628721,69,139
0a15c0c4,1739074967.668118,69,139
0a15c0c4,1739074967.693965,5,175
0a15c0c4,1739074967.740285,5,175
0a15c0c4,1739074967.802644,5,165
0a15c0c4,1739074967.829576,5,52
0a15c0c4,1739074967.868126,5,165
0a15c0c4,1739074967.89428,5,165
0a15c0c4,1739074967.935461,5,175
0a15c0c4,1739074967.961113,5,175
0a15c0c4,1739074968.000916,5,175
0a15c0c4,1739074968.028109,5,175
0a15c0c4,1739074968.108354,5,175
0a15c0c4,1739074968.136158,5,52
0a15c0c4,1739074968.164521,5,411
0a15c0c4,1739074968.225325,5,421
0a15c0c4,1739074968.272002,10,436
0a15c0c4,1739074968.2987142,10,189
0a15c0c4,1739074968.331052,10,436
0a15c0c4,1739074968.362946,10,385
0a15c0c4,1739074968.393497,261,385
0a15c0c4,1739074968.426477,10,436
0a15c0c4,1739074968.4613981,319,525
0a15c0c4,1739074968.495714,319,477
0a15c0c4,1739074968.529713,261,477
0a15c0c4,1739074968.563519,261,477
0a15c0c4,1739074968.595291,319,477
0a15c0c4,1739074968.630759,367,477
0a15c0c4,1739074968.6601799,367,477
0a15c0c4,1739074968.694387,367,477
0a15c0c4,1739074968.7286148,426,477
0a15c0c4,1739074968.7608051,382,477
0a15c0c4,1739074968.795805,426,477
0a15c0c4,1739074968.829723,367,477
0a15c0c4,1739074968.865241,261,385
0a15c0c4,1739074968.894515,261,385
0a15c0c4,1739074968.935235,261,385
0a15c0c4,1739074968.962935,319,139
0a15c0c4,1739074968.999357,319,139
0a15c0c4,1739074969.030702,319,139
0a15c0c4,1739074969.060392,319,139
0a15c0c4,1739074969.127223,261,139
0a15c0c4,1739074969.159915,319,139
0a15c0c4,1739074969.195798,261,139
0a15c0c4,1739074969.230928,261,139
0a15c0c4,1739074969.2685251,261,139
0a15c0c4,1739074969.29533,261,139
0a15c0c4,1739074969.331837,244,139
0a15c0c4,1739074969.363344,244,139
0a15c0c4,1739074969.392973,210,175
0a15c0c4,1739074969.428141,210,175
0a15c0c4,1739074969.462475,210,52
0a15c0c4,1739074969.494731,5,165
0a15c0c4,1739074969.531384,210,165
0a15c0c4,1739074969.5636868,210,165
0a15c0c4,1739074969.5953112,210,175
0a15c0c4,1739074969.62741,210,175
0a15c0c4,1739074969.662264,210,175
0a15c0c4,1739074969.696438,5,175
0a15c0c4,1739074969.729262,210,175
0a15c0c4,1739074969.762423,210,175
0a15c0c4,1739074969.7983701,210,175
0a15c0c4,1739074969.8282602,210,175
0a15c0c4,1739074969.8631492,210,175
0a15c0c4,1739074969.897194,210,175
0a15c0c4,1739074969.930402,210,165
0a15c0c4,1739074969.963,210,165
0a15c0c4,1739074969.997495,210,165
0a15c0c4,1739074970.0290492,210,175
0a15c0c4,1739074970.064888,210,175
0a15c0c4,1739074970.094153,210,175
0a15c0c4,1739074970.1577759,210,175
0a15c0c4,1739074970.1993668,210,175
0a15c0c4,1739074970.228129,210,165
0a15c0c4,1739074970.2877839,210,165
0a15c0c4,1739074970.330334,210,165
0a15c0c4,1739074970.368982,210,52
0a15c0c4,1739074970.3986182,210,52
0a15c0c4,1739074970.437218,210,52
0a15c0c4,1739074970.463792,210,165
0a15c0c4,1739074970.5028858,210,165
0a15c0c4,1739074970.530228,210,175
0a15c0c4,1739074970.571535,210,175
0a15c0c4,1739074970.596473,210,175
0a15c0c4,1739074970.6443908,210,175
0a15c0c4,1739074970.703975,210,175
0a15c0c4,1739074970.731411,210,175
0a15c0c4,1739074970.7695959,210,175
0a15c0c4,1739074970.798199,210,175
0a15c0c4,1739074970.838421,268,175
0a15c0c4,1739074970.864489,258,139
0a15c0c4,1739074970.903478,302,139
0a15c0c4,1739074970.93089,319,139
0a15c0c4,1739074970.969752,275,139
0a15c0c4,1739074970.996186,275,139
0a15c0c4,1739074971.037502,319,139
0a15c0c4,1739074971.0642,319,139
0a15c0c4,1739074971.10379,319,139
0a15c0c4,1739074971.131795,319,139
0a15c0c4,1739074971.178821,319,139
0a15c0c4,1739074971.236402,319,385
0a15c0c4,1739074971.26447,319,385
0a15c0c4,1739074971.318337,319,385
0a15c0c4,1739074971.370956,302,385
0a15c0c4,1739074971.3976169,268,421
0a15c0c4,1739074971.4356081,268,421
0a15c0c4,1739074971.462881,210,421
0a15c0c4,1739074971.503084,210,411
0a15c0c4,1739074971.530355,210,411
0a15c0c4,1739074971.575664,210,421
0a15c0c4,1739074971.635864,319,139
0a15c0c4,1739074971.663455,275,139
0a15c0c4,1739074971.703613,275,139
0a15c0c4,1739074971.730371,275,139
0a15c0c4,1739074971.770966,275,139
0a15c0c4,1739074971.7985668,319,139
0a15c0c4,1739074971.839197,261,139
0a15c0c4,1739074971.8647108,261,139
0a15c0c4,1739074971.9037051,261,139
0a15c0c4,1739074971.933459,319,139
0a15c0c4,1739074971.970525,319,139
0a15c0c4,1739074971.997229,319,139
0a15c0c4,1739074972.038284,261,139
0a15c0c4,1739074972.065139,261,139
0a15c0c4,1739074972.1048121,261,139
0a15c0c4,1739074972.13254,210,175
0a15c0c4,1739074972.197078,210,175
0a15c0c4,1739074972.229949,210,175
0a15c0c4,1739074972.26527,210,175
0a15c0c4,1739074972.2991512,210,175
0a15c0c4,1739074972.344076,210,175
0a15c0c4,1739074972.398601,210,175
0a15c0c4,1739074972.431519,210,175
0a15c0c4,1739074972.46676,210,175
0a15c0c4,1739074972.4993448,210,175
0a15c0c4,1739074972.534917,244,139
0a15c0c4,1739074972.5629811,210,175
0a15c0c4,1739074972.598312,261,139
0a15c0c4,1739074972.63112,319,189
0a15c0c4,1739074972.669039,275,189
0a15c0c4,1739074972.696109,380,189
0a15c0c4,1739074972.7296991,322,139
0a15c0c4,1739074972.760053,322,189
0a15c0c4,1739074972.795475,322,139
0a15c0c4,1739074972.82715,380,189
0a15c0c4,1739074972.863015,772,139
0a15c0c4,1739074972.89679,772,139
0a15c0c4,1739074972.933012,728,189
0a15c0c4,1739074972.9654999,772,139
0a15c0c4,1739074972.999767,772,139
0a15c0c4,1739074973.0297291,772,385
0a15c0c4,1739074973.0633972,772,338
0a15c0c4,1739074973.096875,772,388
0a15c0c4,1739074973.130335,772,388
0a15c0c4,1739074973.164029,728,388
0a15c0c4,1739074973.22119,728,388
0a15c0c4,1739074973.26428,728,436
0a15c0c4,1739074973.296963,728,436
0a15c0c4,1739074973.346495,772,438
0a15c0c4,1739074973.397154,623,436
0a15c0c4,1739074973.433395,608,436
0a15c0c4,1739074973.463465,275,436
0a15c0c4,1739074973.496856,275,436
0a15c0c4,1739074973.5327191,275,436
0a15c0c4,1739074973.566748,275,436
0a15c0c4,1739074973.598352,275,436
0a15c0c4,1739074973.631344,275,436
0a15c0c4,1739074973.665749,275,436
0a15c0c4,1739074973.700599,275,436
0a15c0c4,1739074973.730069,275,436
0a15c0c4,1739074973.7659059,275,436
0a15c0c4,1739074973.796098,275,139
0a15c0c4,1739074973.82992,275,139
0a15c0c4,1739074973.8648021,275,139
0a15c0c4,1739074973.897293,275,139
0a15c0c4,1739074973.931836,275,139
0a15c0c4,1739074973.967424,275,139
0a15c0c4,1739074973.9981241,268,175
0a15c0c4,1739074974.035382,268,175
0a15c0c4,1739074974.064854,244,139
0a15c0c4,1739074974.099317,275,139
0a15c0c4,1739074974.138488,261,139
0a15c0c4,1739074974.1656718,261,139
0a15c0c4,1739074974.2055051,261,139
0a15c0c4,1739074974.246615,319,139
0a15c0c4,1739074974.296834,261,139
0a15c0c4,1739074974.333078,244,139
0a15c0c4,1739074974.383251,210,175
0a15c0c4,1739074974.43835,210,175
0a15c0c4,1739074974.466037,244,139
0a15c0c4,1739074974.503863,210,175
0a15c0c4,1739074974.5333388,210,175
0a15c0c4,1739074974.5739698,210,175
0a15c0c4,1739074974.596962,210,175
0a15c0c4,1739074974.637773,210,175
0a15c0c4,1739074974.664602,210,175
0a15c0c4,1739074974.704158,210,175
0a15c0c4,1739074974.731263,210,175
0a15c0c4,1739074974.771276,271,175
0a15c0c4,1739074974.799318,271,175
0a15c0c4,1739074974.8389068,271,175
0a15c0c4,1739074974.865889,271,175
0a15c0c4,1739074974.905222,271,175
0a15c0c4,1739074974.933557,271,175
0a15c0c4,1739074974.973153,271,175
0a15c0c4,1739074975.038939,210,175
0a15c0c4,1739074975.105272,210,175
0a15c0c4,1739074975.1332219,210,175
0a15c0c4,1739074975.170584,210,175
0a15c0c4,1739074975.206964,271,175
0a15c0c4,1739074975.2509282,210,175
0a15c0c4,1739074975.3050518,261,139
0a15c0c4,1739074975.3326669,261,436
0a15c0c4,1739074975.4027672,322,436
0a15c0c4,1739074975.437686,367,477
0a15c0c4,1739074975.464513,426,477
0a15c0c4,1739074975.504653,426,477
0a15c0c4,1739074975.5334232,426,477
0a15c0c4,1739074975.5695949,426,477
0a15c0c4,1739074975.5982442,367,477
0a15c0c4,1739074975.637401,261,477
0a15c0c4,1739074975.66513,367,477
0a15c0c4,1739074975.700188,261,477
0a15c0c4,1739074975.7339048,426,477
0a15c0c4,1739074975.7720351,426,477
0a15c0c4,1739074975.799062,426,477
0a15c0c4,1739074975.838018,426,477
0a15c0c4,1739074975.8642619,426,477
0a15c0c4,1739074975.9001548,426,477
0a15c0c4,1739074975.93405,426,477
0a15c0c4,1739074975.9721081,426,477
0a15c0c4,1739074975.999315,382,477
0a15c0c4,1739074976.038545,367,527
0a15c0c4,1739074976.066144,382,527
0a15c0c4,1739074976.10377,455,527
0a15c0c4,1739074976.135612,455,527
0a15c0c4,1739074976.167918,455,482
0a15c0c4,1739074976.2018151,455,583
0a15c0c4,1739074976.2369988,455,583
0a15c0c4,1739074976.274965,455,583
0a15c0c4,1739074976.2982788,455,628
0a15c0c4,1739074976.3339012,382,527
0a15c0c4,1739074976.364585,455,527
0a15c0c4,1739074976.3977,455,527
0a15c0c4,1739074976.435456,382,527
0a15c0c4,1739074976.465303,382,527
0a15c0c4,1739074976.499308,382,527
0a15c0c4,1739074976.534084,455,527
0a15c0c4,1739074976.567351,455,527
0a15c0c4,1739074976.600513,455,527
0a15c0c4,1739074976.633724,455,527
0a15c0c4,1739074976.666772,382,527
0a15c0c4,1739074976.7014039,455,527
0a15c0c4,1739074976.7320452,131,527
0a15c0c4,1739074976.767543,205,527
0a15c0c4,1739074976.799977,205,482
0a15c0c4,1739074976.834954,205,482
0a15c0c4,1739074976.868651,205,527
0a15c0c4,1739074976.899744,205,527
0a15c0c4,1739074976.9346712,131,527
0a15c0c4,1739074976.966062,131,527
0a15c0c4,1739074976.999988,131,527
0a15c0c4,1739074977.033427,131,527
0a15c0c4,1739074977.067939,131,527
0a15c0c4,1739074977.096868,131,527
0a15c0c4,1739074977.1317818,131,527
0a15c0c4,1739074977.1652539,131,628
0a15c0c4,1739074977.197995,382,527
0a15c0c4,1739074977.231456,382,527
0a15c0c4,1739074977.3103812,382,527
0a15c0c4,1739074977.364028,382,527
0a15c0c4,1739074977.403996,382,527
0a15c0c4,1739074977.4605482,382,628
0a15c0c4,1739074977.4996722,382,527
0a15c0c4,1739074977.535847,382,527
0a15c0c4,1739074977.564611,382,527
0a15c0c4,1739074977.6001549,382,527
0a15c0c4,1739074977.642408,382,527
0a15c0c4,1739074977.6770408,382,628
0a15c0c4,1739074977.701421,382,628
0a15c0c4,1739074977.7346618,426,628
0a15c0c4,1739074977.763871,426,628
0a15c0c4,1739074977.797281,382,628
0a15c0c4,1739074977.831116,382,578
0a15c0c4,1739074977.867916,487,578
0a15c0c4,1739074977.901288,367,578
0a15c0c4,1739074977.933866,367,578
0a15c0c4,1739074977.963886,367,578
0a15c0c4,1739074978.000482,367,578
0a15c0c4,1739074978.033561,367,578
0a15c0c4,1739074978.068831,367,578
0a15c0c4,1739074978.099712,367,578
0a15c0c4,1739074978.148494,367,578
0a15c0c4,1739074978.179234,367,578
0a15c0c4,1739074978.211997,367,578
0a15c0c4,1739074978.237026,367,578
0a15c0c4,1739074978.27718,367,578
0a15c0c4,1739074978.3366,367,578
0a15c0c4,1739074978.372499,367,477
0a15c0c4,1739074978.399909,367,578
0a15c0c4,1739074978.437781,117,578
0a15c0c4,1739074978.475025,117,578
0a15c0c4,1739074978.504189,117,477
0a15c0c4,1739074978.5324879,117,477
0a15c0c4,1739074978.577893,117,477
0a15c0c4,1739074978.639702,10,385
0a15c0c4,1739074978.667403,10,139
0a15c0c4,1739074978.7018611,10,139
0a15c0c4,1739074978.742799,10,139
0a15c0c4,1739074978.865141,10,135
0a15c0c4,1739074978.898203,5,160
0a15c0c4,1739074978.936206,5,170
0a15c0c4,1739074978.9705899,5,170
0a15c0c4,1739074978.9976032,5,160
0a15c0c4,1739074979.032185,5,47
0a15c0c4,1739074979.0691478,5,47
0a15c0c4,1739074979.101192,5,47
0a15c0c4,1739074979.1380758,5,56
0a15c0c4,1739074979.165409,88,56
0a15c0c4,1739074979.203259,5,56
0a15c0c4,1739074979.2343528,5,47
0a15c0c4,1739074979.265088,5,56
0a15c0c4,1739074979.3009238,88,56
0a15c0c4,1739074979.3478441,5,47
0a15c0c4,1739074979.372122,5,47
0a15c0c4,1739074979.39957,63,50
0a15c0c4,1739074979.439223,88,56
0a15c0c4,1739074979.479249,88,56
0a15c0c4,1739074979.504962,88,56
0a15c0c4,1739074979.532887,88,56
0a15c0c4,1739074979.575961,88,59
0a15c0c4,1739074979.6001952,88,56
0a15c0c4,1739074979.645098,88,59
0a15c0c4,1739074979.706333,88,56
0a15c0c4,1739074979.7353659,88,56
0a15c0c4,1739074979.772043,146,87
0a15c0c4,1739074979.8020961,88,56
0a15c0c4,1739074979.8396611,85,87
0a15c0c4,1739074979.868017,85,56
0a15c0c4,1739074979.905272,85,87
0a15c0c4,1739074979.934457,85,87
0a15c0c4,1739074979.974795,85,87
0a15c0c4,1739074980.004191,85,87
0a15c0c4,1739074980.0431528,85,87
0a15c0c4,1739074980.070862,85,56
0a15c0c4,1739074980.100627,88,56
0a15c0c4,1739074980.1380868,88,56
0a15c0c4,1739074980.165778,88,56
0a15c0c4,1739074980.201605,88,56
0a15c0c4,1739074980.232951,88,56
0a15c0c4,1739074980.2637498,88,56
0a15c0c4,1739074980.298174,88,56
0a15c0c4,1739074980.3709161,88,56
0a15c0c4,1739074980.3993,88,56
0a15c0c4,1739074980.435332,5,56
0a15c0c4,1739074980.469526,5,56
0a15c0c4,1739074980.513783,88,56
0a15c0c4,1739074980.567978,88,56
0a15c0c4,1739074980.606773,85,56
0a15c0c4,1739074980.6339998,88,56
0a15c0c4,1739074980.671513,5,47
0a15c0c4,1739074980.698474,5,170
0a15c0c4,1739074980.736835,10,135
0a15c0c4,1739074980.765079,5,170
0a15c0c4,1739074980.803638,10,135
0a15c0c4,1739074980.8328881,10,135
0a15c0c4,1739074980.8714979,10,135
0a15c0c4,1739074980.899661,10,135
0a15c0c4,1739074980.938514,10,135
0a15c0c4,1739074980.969074,10,135
0a15c0c4,1739074981.005677,10,135
0a15c0c4,1739074981.03488,10,135
0a15c0c4,1739074981.0728052,10,139
0a15c0c4,1739074981.099745,10,139
0a15c0c4,1739074981.1380339,10,139
0a15c0c4,1739074981.1666718,10,139
0a15c0c4,1739074981.206055,10,385
0a15c0c4,1739074981.2370958,10,477
0a15c0c4,1739074981.2709482,117,477
0a15c0c4,1739074981.299484,117,578
0a15c0c4,1739074981.338857,117,578
0a15c0c4,1739074981.40802,117,578
0a15c0c4,1739074981.4350789,131,578
0a15c0c4,1739074981.470853,131,578
0a15c0c4,1739074981.517798,131,628
0a15c0c4,1739074981.5656781,131,578
0a15c0c4,1739074981.6068218,117,578
0a15c0c4,1739074981.6327949,117,578
0a15c0c4,1739074981.66826,117,578
0a15c0c4,1739074981.69756,117,578
0a15c0c4,1739074981.737141,117,578
0a15c0c4,1739074981.766958,117,477
0a15c0c4,1739074981.807348,117,477
0a15c0c4,1739074981.834859,117,578
0a15c0c4,1739074981.8719292,117,477
0a15c0c4,1739074981.8995142,117,477
0a15c0c4,1739074981.9364648,117,477
0a15c0c4,1739074981.967575,117,477
0a15c0c4,1739074982.00753,10,477
0a15c0c4,1739074982.036809,117,477
0a15c0c4,1739074982.0781791,10,477
0a15c0c4,1739074982.101482,10,477
0a15c0c4,1739074982.1428401,10,385
0a15c0c4,1739074982.168322,25,436
0a15c0c4,1739074982.209471,275,436
0a15c0c4,1739074982.23375,25,436
0a15c0c4,1739074982.271625,25,189
0a15c0c4,1739074982.300103,25,189
0a15c0c4,1739074982.339147,25,189
0a15c0c4,1739074982.3657658,19,225
0a15c0c4,1739074982.4439418,19,220
0a15c0c4,1739074982.4715579,5,47
0a15c0c4,1739074982.499038,25,185
0a15c0c4,1739074982.550525,25,185
0a15c0c4,1739074982.6075342,275,185
0a15c0c4,1739074982.6344562,275,185
0a15c0c4,1739074982.6727612,275,185
0a15c0c4,1739074982.699712,275,185
0a15c0c4,1739074982.739771,275,185
0a15c0c4,1739074982.766954,275,185
0a15c0c4,1739074982.807255,623,185
0a15c0c4,1739074982.835648,623,185
0a15c0c4,1739074982.873327,623,185
0a15c0c4,1739074982.901584,623,185
0a15c0c4,1739074982.9405,623,381
0a15c0c4,1739074982.9674659,623,386
0a15c0c4,1739074983.0060852,623,386
0a15c0c4,1739074983.033087,623,386
0a15c0c4,1739074983.0730639,623,386
0a15c0c4,1739074983.099574,623,386
0a15c0c4,1739074983.139264,623,386
0a15c0c4,1739074983.1660109,623,386
0a15c0c4,1739074983.2064629,623,386
0a15c0c4,1739074983.233695,623,386
0a15c0c4,1739074983.2732759,623,386
0a15c0c4,1739074983.302578,572,421
0a15c0c4,1739074983.3400981,572,421
0a15c0c4,1739074983.369559,623,386
0a15c0c4,1739074983.4072871,606,386
0a15c0c4,1739074983.464674,606,381
0a15c0c4,1739074983.5002089,623,185
0a15c0c4,1739074983.5570822,697,144
0a15c0c4,1739074983.611686,667,189
0a15c0c4,1739074983.634593,623,189
0a15c0c4,1739074983.6721869,697,144
0a15c0c4,1739074983.7000508,349,189
0a15c0c4,1739074983.740532,349,189
0a15c0c4,1739074983.765864,349,189
0a15c0c4,1739074983.805742,275,189
0a15c0c4,1739074983.832056,275,189
0a15c0c4,1739074983.87317,275,189
0a15c0c4,1739074983.9008892,349,189
0a15c0c4,1739074983.9397771,349,144
0a15c0c4,1739074983.965727,349,189
0a15c0c4,1739074983.998461,349,189
0a15c0c4,1739074984.0327191,349,189
0a15c0c4,1739074984.071408,275,189
0a15c0c4,1739074984.099232,275,189
0a15c0c4,1739074984.1359859,25,189
0a15c0c4,1739074984.170134,25,189
0a15c0c4,1739074984.20363,25,189
0a15c0c4,1739074984.232775,25,189
0a15c0c4,1739074984.2662048,69,189
0a15c0c4,1739074984.298969,69,189
0a15c0c4,1739074984.334708,10,189
0a15c0c4,1739074984.367718,10,189
0a15c0c4,1739074984.400963,10,189
0a15c0c4,1739074984.43607,10,139
0a15c0c4,1739074984.4853702,10,139
0a15c0c4,1739074984.537638,10,139
0a15c0c4,1739074984.5709388,10,139
0a15c0c4,1739074984.5989661,261,139
0a15c0c4,1739074984.632808,261,385
0a15c0c4,1739074984.670984,10,385
0a15c0c4,1739074984.699283,261,385
0a15c0c4,1739074984.7325928,261,385
0a15c0c4,1739074984.764708,261,385
0a15c0c4,1739074984.797939,261,385
0a15c0c4,1739074984.844797,261,385
0a15c0c4,1739074984.869049,261,385
0a15c0c4,1739074984.901841,261,385
0a15c0c4,1739074984.936979,261,385
0a15c0c4,1739074984.972841,261,385
0a15c0c4,1739074985.000672,261,385
0a15c0c4,1739074985.038361,261,385
0a15c0c4,1739074985.073011,261,385
0a15c0c4,1739074985.10775,261,385
0a15c0c4,1739074985.1395898,261,385
0a15c0c4,1739074985.1676621,261,385
0a15c0c4,1739074985.200541,261,385
0a15c0c4,1739074985.2336152,261,385
0a15c0c4,1739074985.2677262,261,385
0a15c0c4,1739074985.299296,261,385
0a15c0c4,1739074985.338059,261,385
0a15c0c4,1739074985.367743,261,385
0a15c0c4,1739074985.407074,261,385
0a15c0c4,1739074985.516296,10,385
0a15c0c4,1739074985.582643,10,385
0a15c0c4,1739074985.633062,10,189
0a15c0c4,1739074985.6726668,10,189
0a15c0c4,1739074985.709078,10,139
0a15c0c4,1739074985.736212,10,189
0a15c0c4,1739074985.766956,10,139
0a15c0c4,1739074985.800936,10,139
0a15c0c4,1739074985.834176,10,139
0a15c0c4,1739074985.870039,10,139
0a15c0c4,1739074985.900379,25,189
0a15c0c4,1739074985.937336,25,189
0a15c0c4,1739074985.9734662,25,189
0a15c0c4,1739074986.0027132,25,189
0a15c0c4,1739074986.039916,25,139
0a15c0c4,1739074986.069674,69,139
0a15c0c4,1739074986.106913,69,139
0a15c0c4,1739074986.137036,69,139
0a15c0c4,1739074986.167511,69,189
0a15c0c4,1739074986.201674,10,189
0a15c0c4,1739074986.23486,10,135
0a15c0c4,1739074986.2688482,10,185
0a15c0c4,1739074986.300243,210,220
0a15c0c4,1739074986.336864,215,110
0a15c0c4,1739074986.368612,210,56
0a15c0c4,1739074986.404667,210,56
0a15c0c4,1739074986.435468,210,56
0a15c0c4,1739074986.468151,210,56
0a15c0c4,1739074986.505878,210,47
0a15c0c4,1739074986.622321,210,160
0a15c0c4,1739074986.666486,261,185
0a15c0c4,1739074986.7057521,261,135
0a15c0c4,1739074986.7349591,244,185
0a15c0c4,1739074986.7730749,244,185
0a15c0c4,1739074986.799524,210,170
0a15c0c4,1739074986.8391838,210,170
0a15c0c4,1739074986.8673038,244,135
0a15c0c4,1739074986.906587,210,160
0a15c0c4,1739074986.937037,210,160
0a15c0c4,1739074986.972472,210,47
0a15c0c4,1739074987.0025542,210,47
0a15c0c4,1739074987.041264,210,56
0a15c0c4,1739074987.0697339,210,47
0a15c0c4,1739074987.1049988,210,47
0a15c0c4,1739074987.1338198,210,56
0a15c0c4,1739074987.171796,293,56
0a15c0c4,1739074987.2009568,210,56
0a15c0c4,1739074987.239042,210,56
0a15c0c4,1739074987.2680871,210,56
0a15c0c4,1739074987.304965,293,56
0a15c0c4,1739074987.332555,210,56
0a15c0c4,1739074987.374263,210,56
0a15c0c4,1739074987.404923,210,47
0a15c0c4,1739074987.440002,261,135
0a15c0c4,1739074987.4697049,261,135
0a15c0c4,1739074987.5067468,261,185
0a15c0c4,1739074987.535399,261,185
0a15c0c4,1739074987.6007838,275,185
0a15c0c4,1739074987.638835,623,431
0a15c0c4,1739074987.665376,623,431
0a15c0c4,1739074987.7058141,623,504
0a15c0c4,1739074987.734476,275,504
0a15c0c4,1739074987.772932,275,456
0a15c0c4,1739074987.7994628,275,456
0a15c0c4,1739074987.839786,275,506
0a15c0c4,1739074987.871217,382,527
0a15c0c4,1739074987.900026,729,527
0a15c0c4,1739074987.939199,382,527
0a15c0c4,1739074987.967665,729,527
0a15c0c4,1739074988.005478,729,527
0a15c0c4,1739074988.0346859,729,527
0a15c0c4,1739074988.073416,729,527
0a15c0c4,1739074988.102149,729,527
0a15c0c4,1739074988.1386838,382,527
0a15c0c4,1739074988.170235,382,477
0a15c0c4,1739074988.2027578,426,477
0a15c0c4,1739074988.2354062,316,512
0a15c0c4,1739074988.268963,316,512
0a15c0c4,1739074988.301891,316,512
0a15c0c4,1739074988.335964,316,512
0a15c0c4,1739074988.371329,316,613
0a15c0c4,1739074988.400594,382,628
0a15c0c4,1739074988.4393249,426,628
0a15c0c4,1739074988.467305,367,628
0a15c0c4,1739074988.5056581,367,628
0a15c0c4,1739074988.536737,426,628
0a15c0c4,1739074988.5710158,382,628
0a15c0c4,1739074988.628303,382,628
0a15c0c4,1739074988.670631,382,628
0a15c0c4,1739074988.699326,382,628
0a15c0c4,1739074988.734199,382,628
0a15c0c4,1739074988.768252,382,628
0a15c0c4,1739074988.805067,382,628
0a15c0c4,1739074988.8342369,382,628
0a15c0c4,1739074988.87005,382,628
0a15c0c4,1739074988.901151,382,628
0a15c0c4,1739074988.936817,382,628
0a15c0c4,1739074988.973941,455,628
0a15c0c4,1739074989.0019221,455,628
0a15c0c4,1739074989.035285,455,583
0a15c0c4,1739074989.069629,455,583
0a15c0c4,1739074989.104031,455,583
0a15c0c4,1739074989.1364648,455,583
0a15c0c4,1739074989.170881,382,628
0a15c0c4,1739074989.201471,382,628
0a15c0c4,1739074989.2363899,382,628
0a15c0c4,1739074989.272098,382,628
0a15c0c4,1739074989.301697,382,628
0a15c0c4,1739074989.336548,382,628
0a15c0c4,1739074989.37109,382,628
0a15c0c4,1739074989.4037278,455,583
0a15c0c4,1739074989.440865,455,583
0a15c0c4,1739074989.468197,455,583
0a15c0c4,1739074989.5052822,455,583
0a15c0c4,1739074989.536417,455,583
0a15c0c4,1739074989.575077,803,583
0a15c0c4,1739074989.604321,803,583
0a15c0c4,1739074989.6675699,803,583
0a15c0c4,1739074989.701674,803,533
0a15c0c4,1739074989.739914,868,533
0a15c0c4,1739074989.768448,974,432
0a15c0c4,1739074989.8053062,974,432
0a15c0c4,1739074989.839927,867,459
0a15c0c4,1739074989.8754072,869,368
0a15c0c4,1739074989.9053729,871,381
0a15c0c4,1739074989.9399529,871,381
0a15c0c4,1739074989.9746282,871,381
0a15c0c4,1739074990.013521,871,381
0a15c0c4,1739074990.040521,871,381
0a15c0c4,1739074990.0792708,871,168
0a15c0c4,1739074990.108462,871,376
0a15c0c4,1739074990.144436,871,163
0a15c0c4,1739074990.17473,871,163
0a15c0c4,1739074990.212224,871,174
0a15c0c4,1739074990.241299,871,174
0a15c0c4,1739074990.279236,895,174
0a15c0c4,1739074990.309936,895,174
0a15c0c4,1739074990.345258,895,174
0a15c0c4,1739074990.372994,1175,174
0a15c0c4,1739074990.4061172,1175,174
0a15c0c4,1739074990.440214,1173,161
0a15c0c4,1739074990.479189,1173,161
0a15c0c4,1739074990.50733,1173,161
0a15c0c4,1739074990.5459259,1175,174
0a15c0c4,1739074990.574257,1175,174
0a15c0c4,1739074990.6063669,1175,174
0a15c0c4,1739074990.642806,1175,174
0a15c0c4,1739074990.682199,1175,174
0a15c0c4,1739074990.745833,1175,174
0a15c0c4,1739074990.774795,1175,167
0a15c0c4,1739074990.805485,1175,167
0a15c0c4,1739074990.840468,1175,171
0a15c0c4,1739074990.8799942,1175,171
0a15c0c4,1739074990.907465,1175,179
0a15c0c4,1739074990.93992,1175,179
0a15c0c4,1739074990.974234,1175,179
0a15c0c4,1739074991.013001,1175,179
0a15c0c4,1739074991.040295,1175,179
0a15c0c4,1739074991.079249,1175,179
0a15c0c4,1739074991.108,1175,179
0a15c0c4,1739074991.144811,1175,179
0a15c0c4,1739074991.1743171,1175,392
0a15c0c4,1739074991.211373,1175,392
0a15c0c4,1739074991.2398322,1175,392
0a15c0c4,1739074991.279349,1175,392
0a15c0c4,1739074991.307138,1175,392
0a15c0c4,1739074991.348331,1175,392
0a15c0c4,1739074991.374742,1175,481
0a15c0c4,1739074991.4118268,1175,483
0a15c0c4,1739074991.440993,1173,470
0a15c0c4,1739074991.480327,1175,483
0a15c0c4,1739074991.5083451,1173,470
0a15c0c4,1739074991.546539,1173,470
0a15c0c4,1739074991.574157,1173,571
0a15c0c4,1739074991.6111732,1185,571
0a15c0c4,1739074991.641663,1185,571
0a15c0c4,1739074991.6929548,1185,571
0a15c0c4,1739074991.745537,1203,584
0a15c0c4,1739074991.774059,1202,571
0a15c0c4,1739074991.8054411,1208,584
0a15c0c4,1739074991.839589,1208,584
0a15c0c4,1739074991.874133,1206,571
0a15c0c4,1739074991.907439,1208,584
0a15c0c4,1739074991.940297,1206,571
0a15c0c4,1739074991.9745102,1208,584
0a15c0c4,1739074992.0069609,1206,571
0a15c0c4,1739074992.04243,1206,571
0a15c0c4,1739074992.075922,1206,571
0a15c0c4,1739074992.1090932,1206,571
0a15c0c4,1739074992.1428301,1202,571
0a15c0c4,1739074992.176258,1202,571
0a15c0c4,1739074992.209206,1202,571
0a15c0c4,1739074992.2406988,1202,571
0a15c0c4,1739074992.273696,1202,571
0a15c0c4,1739074992.308288,1202,571
0a15c0c4,1739074992.340396,1202,571
0a15c0c4,1739074992.373566,1185,571
0a15c0c4,1739074992.40664,1185,571
0a15c0c4,1739074992.439043,1185,571
0a15c0c4,1739074992.472556,1185,473
0a15c0c4,1739074992.507157,1185,470
0a15c0c4,1739074992.541297,1185,470
0a15c0c4,1739074992.573163,1185,470
0a15c0c4,1739074992.60551,1185,470
0a15c0c4,1739074992.639758,1185,470
0a15c0c4,1739074992.6750689,1185,470
0a15c0c4,1739074992.7183921,1185,470
0a15c0c4,1739074992.773877,1185,470
0a15c0c4,1739074992.806308,1185,470
0a15c0c4,1739074992.8393412,1185,470
0a15c0c4,1739074992.8732622,1187,483
0a15c0c4,1739074992.906146,1187,483
0a15c0c4,1739074992.940762,1187,483
0a15c0c4,1739074992.9744809,1187,483
0a15c0c4,1739074993.0060081,1187,483
0a15c0c4,1739074993.038267,1187,483
0a15c0c4,1739074993.07313,1187,483
0a15c0c4,1739074993.106496,1187,483
0a15c0c4,1739074993.1406012,1187,483
0a15c0c4,1739074993.173476,1187,483
0a15c0c4,1739074993.207792,1187,483
0a15c0c4,1739074993.2389288,1187,483
0a15c0c4,1739074993.274841,1187,483
0a15c0c4,1739074993.307909,1187,483
0a15c0c4,1739074993.341161,1187,483
0a15c0c4,1739074993.373735,1187,483
0a15c0c4,1739074993.408164,1187,483
0a15c0c4,1739074993.4404328,1187,483
0a15c0c4,1739074993.474881,1187,483
0a15c0c4,1739074993.507432,1187,483
0a15c0c4,1739074993.541621,1187,483
0a15c0c4,1739074993.572961,1187,483
0a15c0c4,1739074993.608203,1185,470
0a15c0c4,1739074993.638608,1185,470
0a15c0c4,1739074993.683934,1185,470
0a15c0c4,1739074993.747631,1173,470
0a15c0c4,1739074993.778189,1173,468
0a15c0c4,1739074993.807041,1175,392
0a15c0c4,1739074993.844227,1175,481
0a15c0c4,1739074993.8755908,1175,481
0a15c0c4,1739074993.910976,1175,481
0a15c0c4,1739074993.941613,1175,481
0a15c0c4,1739074993.979427,1175,392
0a15c0c4,1739074994.0088372,1175,481
0a15c0c4,1739074994.046217,1175,481
0a15c0c4,1739074994.076011,1175,481
0a15c0c4,1739074994.116979,1175,481
0a15c0c4,1739074994.179549,1173,468
0a15c0c4,1739074994.20768,1175,481
0a15c0c4,1739074994.24609,1175,481
0a15c0c4,1739074994.273244,1175,483
0a15c0c4,1739074994.311898,1173,470
0a15c0c4,1739074994.340322,1173,470
0a15c0c4,1739074994.379688,1173,470
0a15c0c4,1739074994.407562,1173,470
0a15c0c4,1739074994.445524,1173,470
0a15c0c4,1739074994.473057,1173,470
0a15c0c4,1739074994.511992,1173,470
0a15c0c4,1739074994.542804,1173,470
0a15c0c4,1739074994.577513,1173,470
0a15c0c4,1739074994.60831,1185,470
0a15c0c4,1739074994.6455932,1185,470
0a15c0c4,1739074994.6735191,1185,470
0a15c0c4,1739074994.7278059,1185,470
0a15c0c4,1739074994.7787251,1185,470
0a15c0c4,1739074994.807116,1173,470
0a15c0c4,1739074994.84596,1173,470
0a15c0c4,1739074994.8746612,1173,468
0a15c0c4,1739074994.912866,1175,481
0a15c0c4,1739074994.94294,1175,481
0a15c0c4,1739074994.9784808,1175,392
0a15c0c4,1739074995.005413,1175,392
0a15c0c4,1739074995.046798,1175,392
0a15c0c4,1739074995.072983,1175,392
0a15c0c4,1739074995.1116369,1175,481
0a15c0c4,1739074995.142277,1175,483
0a15c0c4,1739074995.182219,1175,483
0a15c0c4,1739074995.250967,1175,483
0a15c0c4,1739074995.314506,1175,483
0a15c0c4,1739074995.3425112,1175,483
0a15c0c4,1739074995.379571,1175,483
0a15c0c4,1739074995.409162,1175,483
0a15c0c4,1739074995.4470022,1175,483
0a15c0c4,1739074995.513246,1185,470
0a15c0c4,1739074995.53984,1185,473
0a15c0c4,1739074995.5800278,1173,473
0a15c0c4,1739074995.6079512,1173,473
0a15c0c4,1739074995.646386,1173,473
0a15c0c4,1739074995.675545,1173,473
0a15c0c4,1739074995.707555,1173,471
0a15c0c4,1739074995.7658088,1173,471
0a15c0c4,1739074995.8117309,1175,486
0a15c0c4,1739074995.839591,1192,486
0a15c0c4,1739074995.8740668,1192,484
0a15c0c4,1739074995.906197,1192,486
0a15c0c4,1739074995.941374,1192,484
0a15c0c4,1739074995.973509,1192,484
0a15c0c4,1739074996.006421,1175,395
0a15c0c4,1739074996.040252,1175,395
0a15c0c4,1739074996.072433,1175,395
0a15c0c4,1739074996.105484,1175,395
0a15c0c4,1739074996.139097,1192,395
0a15c0c4,1739074996.173878,1192,395
0a15c0c4,1739074996.2066,1192,395
0a15c0c4,1739074996.240393,1190,471
0a15c0c4,1739074996.272733,1190,473
0a15c0c4,1739074996.305834,1190,473
0a15c0c4,1739074996.3417869,1194,382
0a15c0c4,1739074996.374413,1196,395
0a15c0c4,1739074996.40742,1196,395
0a15c0c4,1739074996.439841,1196,395
0a15c0c4,1739074996.475347,1196,395
0a15c0c4,1739074996.5063438,1196,395
0a15c0c4,1739074996.5392692,1192,395
0a15c0c4,1739074996.573117,1192,395
0a15c0c4,1739074996.611285,1192,395
0a15c0c4,1739074996.641269,1192,395
0a15c0c4,1739074996.674741,1192,395
0a15c0c4,1739074996.708023,1192,395
0a15c0c4,1739074996.747276,1190,382
0a15c0c4,1739074996.7892008,1190,382
0a15c0c4,1739074996.841166,1190,382
0a15c0c4,1739074996.876065,1192,395
0a15c0c4,1739074996.9082181,1192,395
0a15c0c4,1739074996.940804,1192,395
0a15c0c4,1739074996.973788,1192,395
0a15c0c4,1739074997.00685,1192,395
0a15c0c4,1739074997.040849,1192,395
0a15c0c4,1739074997.074222,1192,395
0a15c0c4,1739074997.107116,1192,395
0a15c0c4,1739074997.1402628,1192,395
0a15c0c4,1739074997.173355,1192,395
0a15c0c4,1739074997.207825,1192,395
0a15c0c4,1739074997.241316,1192,395
0a15c0c4,1739074997.275795,1192,395
0a15c0c4,1739074997.3091998,1175,395
0a15c0c4,1739074997.3406458,1175,395
0a15c0c4,1739074997.3740292,1175,395
0a15c0c4,1739074997.406372,1175,395
0a15c0c4,1739074997.439478,1192,395
0a15c0c4,1739074997.472565,1175,395
0a15c0c4,1739074997.508553,1175,395
0a15c0c4,1739074997.5419798,1175,395
0a15c0c4,1739074997.575299,1175,395
0a15c0c4,1739074997.6090739,1175,395
0a15c0c4,1739074997.640863,1175,395
0a15c0c4,1739074997.679181,1175,395
0a15c0c4,1739074997.708895,1175,395
0a15c0c4,1739074997.746164,1175,395
0a15c0c4,1739074997.819411,1192,395
0a15c0c4,1739074997.8735738,1173,382
0a15c0c4,1739074997.906077,1190,382
0a15c0c4,1739074997.940615,1192,395
0a15c0c4,1739074997.9734468,1192,395
0a15c0c4,1739074998.011754,1192,395
0a15c0c4,1739074998.042433,1192,395
0a15c0c4,1739074998.083395,1192,395
0a15c0c4,1739074998.1102378,1192,395
0a15c0c4,1739074998.1498659,1192,395
0a15c0c4,1739074998.214022,1175,395
0a15c0c4,1739074998.2436101,1175,395
0a15c0c4,1739074998.276463,1173,382
0a15c0c4,1739074998.3096142,1173,382
0a15c0c4,1739074998.346199,1173,382
0a15c0c4,1739074998.374984,1173,382
0a15c0c4,1739074998.412381,1175,395
0a15c0c4,1739074998.442613,1175,395
0a15c0c4,1739074998.478015,1175,395
0a15c0c4,1739074998.506152,1192,395
0a15c0c4,1739074998.5480452,1192,395
0a15c0c4,1739074998.6084108,1192,395
0a15c0c4,1739074998.640317,1192,395
0a15c0c4,1739074998.679371,1192,395
0a15c0c4,1739074998.706441,1192,395
0a15c0c4,1739074998.7465081,1192,395
0a15c0c4,1739074998.77509,1192,395
0a15c0c4,1739074998.832135,1192,395
0a15c0c4,1739074998.87998,1192,395
0a15c0c4,1739074998.908106,1192,395
0a15c0c4,1739074998.945166,1192,395
0a15c0c4,1739074998.974561,1192,395
0a15c0c4,1739074999.013259,1192,395
0a15c0c4,1739074999.042416,1192,395
0a15c0c4,1739074999.0793211,1192,395
0a15c0c4,1739074999.1086102,1192,395
0a15c0c4,1739074999.145067,1192,484
0a15c0c4,1739074999.1751392,1192,484
0a15c0c4,1739074999.21218,1192,484
0a15c0c4,1739074999.241824,1203,484
0a15c0c4,1739074999.280389,1203,486
0a15c0c4,1739074999.309109,1203,486
0a15c0c4,1739074999.345891,1203,486
0a15c0c4,1739074999.374738,1203,486
0a15c0c4,1739074999.412757,1208,486
0a15c0c4,1739074999.442592,1208,486
0a15c0c4,1739074999.480133,1208,486
0a15c0c4,1739074999.509653,1206,473
0a15c0c4,1739074999.542119,1206,571
0a15c0c4,1739074999.574983,1206,571
0a15c0c4,1739074999.6088161,1206,571
0a15c0c4,1739074999.642038,1206,571
0a15c0c4,1739074999.675102,1206,571
0a15c0c4,1739074999.70835,1206,571
0a15c0c4,1739074999.741694,1206,571
0a15c0c4,1739074999.776654,1206,571
0a15c0c4,1739074999.860103,1206,571
0a15c0c4,1739074999.910172,1206,571
0a15c0c4,1739074999.94489,1206,571
0a15c0c4,1739074999.97331,1206,571
0a15c0c4,1739075000.0075321,1206,571
0a15c0c4,1739075000.0409338,1206,571
0a15c0c4,1739075000.075706,1206,571
0a15c0c4,1739075000.1085598,1206,571
0a15c0c4,1739075000.142116,1206,571
0a15c0c4,1739075000.1752498,1206,571
0a15c0c4,1739075000.210857,1206,571
0a15c0c4,1739075000.2411032,1206,571
0a15c0c4,1739075000.275319,1206,571
0a15c0c4,1739075000.309964,1206,571
0a15c0c4,1739075000.3423622,1206,571
0a15c0c4,1739075000.373556,1206,571
0a15c0c4,1739075000.406572,1206,571
0a15c0c4,1739075000.440535,1206,571
0a15c0c4,1739075000.473633,1206,571
0a15c0c4,1739075000.507943,1206,571
0a15c0c4,1739075000.541363,1206,571
0a15c0c4,1739075000.5744371,1206,571
0a15c0c4,1739075000.609041,1206,571
0a15c0c4,1739075000.6415749,1206,571
0a15c0c4,1739075000.676464,1206,571
0a15c0c4,1739075000.707366,1206,571
0a15c0c4,1739075000.741382,1206,571
0a15c0c4,1739075000.773868,1206,571
0a15c0c4,1739075000.805876,1206,571
0a15c0c4,1739075000.843498,1206,571
0a15c0c4,1739075000.893047,1206,571
0a15c0c4,1739075000.9429839,1206,571
0a15c0c4,1739075000.975743,1206,571
0a15c0c4,1739075001.008627,1206,571
0a15c0c4,1739075001.04497,1206,571
0a15c0c4,1739075001.076448,1206,571
0a15c0c4,1739075001.107552,1206,571
0a15c0c4,1739075001.142472,1206,571
0a15c0c4,1739075001.174051,1206,571
0a15c0c4,1739075001.209217,1206,571
0a15c0c4,1739075001.2416441,1206,571
0a15c0c4,1739075001.275748,1206,571
0a15c0c4,1739075001.306924,1206,571
0a15c0c4,1739075001.341569,1206,571
0a15c0c4,1739075001.3744562,1206,571
0a15c0c4,1739075001.407964,1206,571
0a15c0c4,1739075001.441652,1206,571
0a15c0c4,1739075001.4734359,1206,571
0a15c0c4,1739075001.507675,1206,571
0a15c0c4,1739075001.54186,1206,571
0a15c0c4,1739075001.5796711,1206,571
0a15c0c4,1739075001.607818,1206,571
0a15c0c4,1739075001.645772,1206,571
